price,beds,bath,laundry,pets,housing_type,parking,hood_district
1300,0,1,(b) on-site,(d) no pets,(b) double,(d) no parking,2
750,1,1,(b) on-site,(d) no pets,(c) multi,(d) no parking,10
1218,0,1,(b) on-site,(d) no pets,(c) multi,(d) no parking,9
1250,1,1,(b) on-site,(d) no pets,(c) multi,(d) no parking,2
1675,0,1,(b) on-site,(a) both,(c) multi,(d) no parking,8
1691,0,1,(b) on-site,(d) no pets,(c) multi,(b) protected,9
1660,0,1,(b) on-site,(d) no pets,(c) multi,(b) protected,9
1690,0,1,(b) on-site,(d) no pets,(c) multi,(b) protected,9
1290,1,1,(c) no laundry,(d) no pets,(c) multi,(d) no parking,1
1679,0,1,(b) on-site,(d) no pets,(c) multi,(b) protected,9
1300,0,1,(c) no laundry,(d) no pets,(c) multi,(d) no parking,10
1749,0,1,(b) on-site,(d) no pets,(c) multi,(d) no parking,8
1600,0,1,(c) no laundry,(d) no pets,(c) multi,(d) no parking,6
1400,0,1,(a) in-unit,(d) no pets,(c) multi,(c) off-street,10
1780,1,1,(b) on-site,(c) cats,(c) multi,(d) no parking,8
1995,1,1,(b) on-site,(a) both,(c) multi,(d) no parking,9
1795,1,1,(b) on-site,(a) both,(b) double,(d) no parking,3
1650,0,1,(b) on-site,(d) no pets,(b) double,(d) no parking,2
1600,0,1,(c) no laundry,(d) no pets,(a) single,(d) no parking,10
2565,0,1,(b) on-site,(d) no pets,(c) multi,(d) no parking,9
1700,1,1,(b) on-site,(d) no pets,(c) multi,(d) no parking,9
1575,0,1,(b) on-site,(a) both,(c) multi,(d) no parking,8
1775,0,1,(b) on-site,(d) no pets,(c) multi,(d) no parking,2
1400,0,1,(b) on-site,(d) no pets,(c) multi,(d) no parking,10
1395,0,1,(c) no laundry,(a) both,(c) multi,(d) no parking,8
2075,0,1,(a) in-unit,(c) cats,(c) multi,(d) no parking,6
2075,0,1,(a) in-unit,(c) cats,(c) multi,(d) no parking,6
1880,0,1,(c) no laundry,(d) no pets,(c) multi,(d) no parking,9
1880,0,1,(c) no laundry,(d) no pets,(c) multi,(d) no parking,9
2500,0,1,(c) no laundry,(d) no pets,(c) multi,(d) no parking,8
1400,0,1,(a) in-unit,(d) no pets,(c) multi,(c) off-street,10
1900,1,1,(b) on-site,(d) no pets,(b) double,(d) no parking,3
2050,0,1,(c) no laundry,(d) no pets,(c) multi,(b) protected,9
1995,0,1,(c) no laundry,(d) no pets,(c) multi,(b) protected,9
1675,0,1,(b) on-site,(d) no pets,(c) multi,(d) no parking,2
1600,0,1,(c) no laundry,(d) no pets,(c) multi,(d) no parking,8
1995,0,1,(a) in-unit,(c) cats,(c) multi,(d) no parking,6
2517,0,1,(b) on-site,(a) both,(c) multi,(d) no parking,9
1950,0,1,(c) no laundry,(d) no pets,(c) multi,(b) protected,2
1850,0,1,(b) on-site,(d) no pets,(c) multi,(d) no parking,7
1995,1,1,(b) on-site,(a) both,(c) multi,(d) no parking,8
2100,0,1,(c) no laundry,(c) cats,(c) multi,(d) no parking,6
1500,0,1,(b) on-site,(a) both,(c) multi,(d) no parking,8
2445,2,1,(b) on-site,(a) both,(c) multi,(d) no parking,8
1600,0,1,(b) on-site,(d) no pets,(c) multi,(d) no parking,8
1600,0,1,(b) on-site,(d) no pets,(c) multi,(d) no parking,8
2100,1,1,(b) on-site,(c) cats,(c) multi,(d) no parking,5
1995,0,1,(c) no laundry,(d) no pets,(c) multi,(d) no parking,9
1995,0,1,(b) on-site,(d) no pets,(c) multi,(b) protected,9
1595,0,1,(b) on-site,(d) no pets,(c) multi,(d) no parking,8
1600,0,1,(b) on-site,(d) no pets,(c) multi,(d) no parking,8
2000,0,1,(b) on-site,(d) no pets,(c) multi,(d) no parking,8
1600,0,1,(b) on-site,(d) no pets,(c) multi,(d) no parking,8
2195,1,1,(b) on-site,(a) both,(c) multi,(d) no parking,8
1600,0,1,(b) on-site,(d) no pets,(c) multi,(d) no parking,8
2195,0,1,(b) on-site,(d) no pets,(c) multi,(d) no parking,5
1995,1,1,(c) no laundry,(c) cats,(c) multi,(b) protected,6
1595,0,1,(c) no laundry,(d) no pets,(c) multi,(d) no parking,8
1850,1,1,(c) no laundry,(c) cats,(c) multi,(d) no parking,8
1850,1,1,(c) no laundry,(c) cats,(c) multi,(d) no parking,8
1600,0,1,(b) on-site,(d) no pets,(c) multi,(d) no parking,8
2786,1,1,(c) no laundry,(d) no pets,(c) multi,(d) no parking,9
1700,0,1,(c) no laundry,(d) no pets,(c) multi,(d) no parking,8
2225,1,1,(b) on-site,(a) both,(c) multi,(d) no parking,8
2100,0,1,(b) on-site,(d) no pets,(c) multi,(d) no parking,8
2200,0,1,(b) on-site,(d) no pets,(c) multi,(d) no parking,8
1895,0,1,(b) on-site,(d) no pets,(c) multi,(d) no parking,8
2418,0,1,(a) in-unit,(d) no pets,(c) multi,(c) off-street,9
2288,0,1,(a) in-unit,(a) both,(c) multi,(b) protected,9
2483,0,1,(a) in-unit,(a) both,(c) multi,(b) protected,9
2400,1,1,(b) on-site,(c) cats,(c) multi,(d) no parking,7
1800,0,1,(b) on-site,(d) no pets,(c) multi,(d) no parking,8
1800,0,1,(c) no laundry,(d) no pets,(c) multi,(d) no parking,8
1800,0,1,(b) on-site,(d) no pets,(c) multi,(d) no parking,8
2760,0,1,(c) no laundry,(a) both,(c) multi,(d) no parking,9
2450,1,1,(b) on-site,(a) both,(c) multi,(d) no parking,8
1800,1,1,(c) no laundry,(d) no pets,(c) multi,(c) off-street,3
2195,0,1,(c) no laundry,(d) no pets,(c) multi,(d) no parking,9
1795,0,1,(b) on-site,(a) both,(c) multi,(d) no parking,8
2795,1,1,(b) on-site,(d) no pets,(c) multi,(d) no parking,7
1995,0,1,(b) on-site,(d) no pets,(c) multi,(d) no parking,9
1875,0,1,(b) on-site,(d) no pets,(c) multi,(d) no parking,8
1750,0,1,(b) on-site,(d) no pets,(c) multi,(d) no parking,8
1495,0,1,(b) on-site,(d) no pets,(c) multi,(d) no parking,8
2200,1,1,(b) on-site,(d) no pets,(c) multi,(c) off-street,8
1795,0,1,(b) on-site,(a) both,(c) multi,(d) no parking,8
1795,0,1,(b) on-site,(a) both,(c) multi,(d) no parking,8
1950,1,1,(c) no laundry,(d) no pets,(a) single,(c) off-street,3
1995,0,1,(b) on-site,(d) no pets,(c) multi,(b) protected,9
2490,0,1,(b) on-site,(a) both,(c) multi,(b) protected,9
1950,0,1,(b) on-site,(c) cats,(c) multi,(d) no parking,8
1895,0,1,(b) on-site,(d) no pets,(c) multi,(d) no parking,8
3090,0,1,(a) in-unit,(a) both,(c) multi,(b) protected,9
2246,0,1,(a) in-unit,(a) both,(c) multi,(b) protected,2
2137,2,1,(b) on-site,(a) both,(c) multi,(d) no parking,8
2495,2,1,(b) on-site,(b) dogs,(c) multi,(d) no parking,8
3290,0,1,(a) in-unit,(a) both,(c) multi,(b) protected,9
2890,0,1,(a) in-unit,(a) both,(c) multi,(b) protected,9
2895,1,1,(a) in-unit,(a) both,(c) multi,(d) no parking,5
2345,1,1,(c) no laundry,(c) cats,(c) multi,(d) no parking,2
2299,1,1,(b) on-site,(a) both,(c) multi,(d) no parking,9
1948,0,1,(a) in-unit,(a) both,(c) multi,(d) no parking,8
1948,0,1,(a) in-unit,(a) both,(c) multi,(d) no parking,9
2200,1,1,(b) on-site,(d) no pets,(c) multi,(d) no parking,8
2200,1,1,(b) on-site,(d) no pets,(c) multi,(b) protected,8
3490,2,1,(a) in-unit,(a) both,(c) multi,(d) no parking,5
2200,1,1,(b) on-site,(a) both,(c) multi,(d) no parking,7
3100,1,1,(b) on-site,(d) no pets,(c) multi,(d) no parking,7
1800,0,1,(b) on-site,(d) no pets,(c) multi,(d) no parking,8
2050,0,1,(c) no laundry,(d) no pets,(c) multi,(d) no parking,1
3990,1,1,(a) in-unit,(a) both,(c) multi,(b) protected,9
1800,0,1,(c) no laundry,(d) no pets,(c) multi,(d) no parking,8
2500,1,1,(a) in-unit,(d) no pets,(c) multi,(d) no parking,5
2400,0,1,(b) on-site,(d) no pets,(c) multi,(b) protected,5
2600,1,1,(b) on-site,(d) no pets,(c) multi,(d) no parking,7
2075,0,1,(b) on-site,(a) both,(c) multi,(d) no parking,7
3200,1,1,(b) on-site,(a) both,(c) multi,(b) protected,2
1895,1,1,(a) in-unit,(d) no pets,(c) multi,(d) no parking,10
1895,1,1,(c) no laundry,(a) both,(c) multi,(d) no parking,8
1850,1,1,(b) on-site,(a) both,(c) multi,(b) protected,8
2195,2,1,(b) on-site,(d) no pets,(c) multi,(d) no parking,8
2395,0,1,(b) on-site,(d) no pets,(c) multi,(b) protected,1
1795,2,1,(c) no laundry,(d) no pets,(c) multi,(d) no parking,1
1695,0,1,(b) on-site,(d) no pets,(c) multi,(d) no parking,8
1625,0,1,(b) on-site,(c) cats,(c) multi,(d) no parking,10
2195,1,1,(c) no laundry,(d) no pets,(c) multi,(d) no parking,9
2100,0,1,(b) on-site,(a) both,(c) multi,(d) no parking,5
2000,0,1,(b) on-site,(d) no pets,(c) multi,(c) off-street,4
2725,1,1,(a) in-unit,(a) both,(c) multi,(b) protected,6
2986,1,1,(a) in-unit,(a) both,(c) multi,(a) valet,9
2395,1,1,(b) on-site,(d) no pets,(c) multi,(d) no parking,8
2705,0,1,(a) in-unit,(a) both,(c) multi,(b) protected,9
2339,1,1,(a) in-unit,(a) both,(c) multi,(b) protected,9
2292,1,1,(a) in-unit,(a) both,(c) multi,(d) no parking,8
1820,0,1,(a) in-unit,(a) both,(c) multi,(d) no parking,9
2746,1,1,(a) in-unit,(a) both,(c) multi,(b) protected,9
2450,1,1,(a) in-unit,(d) no pets,(c) multi,(b) protected,8
2280,1,1,(a) in-unit,(a) both,(c) multi,(d) no parking,8
2350,1,1,(b) on-site,(d) no pets,(c) multi,(b) protected,1
1699,1,1,(c) no laundry,(d) no pets,(b) double,(d) no parking,1
2099,0,1,(b) on-site,(a) both,(c) multi,(d) no parking,1
2000,0,1,(b) on-site,(d) no pets,(c) multi,(b) protected,6
2450,1,1,(a) in-unit,(d) no pets,(c) multi,(b) protected,9
3066,1,1,(c) no laundry,(d) no pets,(c) multi,(d) no parking,9
2900,1,1,(a) in-unit,(a) both,(c) multi,(b) protected,9
2915,1,1,(a) in-unit,(a) both,(c) multi,(b) protected,5
2790,2,1,(b) on-site,(d) no pets,(c) multi,(d) no parking,8
2066,0,1,(a) in-unit,(a) both,(c) multi,(d) no parking,8
3500,1,1,(a) in-unit,(a) both,(c) multi,(b) protected,7
2200,1,1,(b) on-site,(d) no pets,(c) multi,(d) no parking,8
2100,0,1,(c) no laundry,(d) no pets,(c) multi,(d) no parking,7
2950,1,1,(a) in-unit,(d) no pets,(c) multi,(b) protected,9
1995,1,1,(b) on-site,(c) cats,(c) multi,(b) protected,2
2299,0,1,(b) on-site,(a) both,(c) multi,(d) no parking,6
2250,0,1,(b) on-site,(c) cats,(c) multi,(d) no parking,6
1799,0,1,(b) on-site,(d) no pets,(c) multi,(b) protected,8
2095,2,1,(c) no laundry,(a) both,(c) multi,(d) no parking,8
2750,1,1,(b) on-site,(d) no pets,(c) multi,(d) no parking,2
2500,1,1,(b) on-site,(b) dogs,(c) multi,(d) no parking,2
1500,1,1,(a) in-unit,(d) no pets,(b) double,(d) no parking,2
1899,0,1,(b) on-site,(d) no pets,(c) multi,(b) protected,8
1890,1,1,(c) no laundry,(d) no pets,(c) multi,(d) no parking,7
1699,1,1,(c) no laundry,(a) both,(c) multi,(d) no parking,6
3466,1,1,(a) in-unit,(a) both,(c) multi,(d) no parking,5
2600,1,1,(a) in-unit,(d) no pets,(c) multi,(d) no parking,8
2900,1,1,(a) in-unit,(d) no pets,(c) multi,(d) no parking,9
2399,1,1,(a) in-unit,(d) no pets,(c) multi,(a) valet,9
3100,1,1,(c) no laundry,(a) both,(c) multi,(d) no parking,7
2395,0,1,(b) on-site,(d) no pets,(c) multi,(d) no parking,8
1980,1,1,(a) in-unit,(a) both,(c) multi,(b) protected,10
2295,0,1,(b) on-site,(b) dogs,(c) multi,(d) no parking,8
2495,1,1,(c) no laundry,(c) cats,(c) multi,(d) no parking,3
2199,1,1,(b) on-site,(a) both,(c) multi,(d) no parking,2
2899,0,1,(a) in-unit,(a) both,(c) multi,(b) protected,5
2600,1,1,(c) no laundry,(c) cats,(c) multi,(d) no parking,2
2998,1,1,(a) in-unit,(a) both,(c) multi,(b) protected,9
2990,1,1,(a) in-unit,(a) both,(c) multi,(b) protected,5
2790,1,1,(a) in-unit,(a) both,(c) multi,(b) protected,9
2195,0,1,(c) no laundry,(a) both,(c) multi,(d) no parking,2
2680,1,1.5,(a) in-unit,(a) both,(c) multi,(b) protected,9
1965,1,1,(a) in-unit,(a) both,(c) multi,(d) no parking,8
2495,1,1,(a) in-unit,(a) both,(c) multi,(d) no parking,8
2685,1,1,(a) in-unit,(a) both,(c) multi,(b) protected,8
2750,1,1,(b) on-site,(c) cats,(c) multi,(b) protected,5
2500,1,1,(b) on-site,(d) no pets,(c) multi,(b) protected,4
2835,1,1,(b) on-site,(d) no pets,(c) multi,(d) no parking,8
2095,1,1,(b) on-site,(d) no pets,(c) multi,(b) protected,9
2350,1,1,(b) on-site,(c) cats,(c) multi,(b) protected,8
1950,1,1,(b) on-site,(d) no pets,(b) double,(d) no parking,2
2800,1,1,(a) in-unit,(a) both,(c) multi,(b) protected,8
2300,1,1,(b) on-site,(d) no pets,(c) multi,(d) no parking,10
2950,1,1,(b) on-site,(a) both,(c) multi,(d) no parking,6
2300,1,1,(b) on-site,(a) both,(c) multi,(b) protected,2
2100,1,1,(b) on-site,(d) no pets,(c) multi,(d) no parking,2
2800,1,1,(a) in-unit,(d) no pets,(c) multi,(d) no parking,9
4250,2,2,(a) in-unit,(d) no pets,(c) multi,(d) no parking,5
2190,1,1,(b) on-site,(d) no pets,(c) multi,(d) no parking,5
2900,1,1,(b) on-site,(a) both,(c) multi,(d) no parking,5
2445,1,1,(c) no laundry,(d) no pets,(c) multi,(d) no parking,7
2500,0,1,(c) no laundry,(d) no pets,(c) multi,(d) no parking,5
2300,1,1,(c) no laundry,(c) cats,(c) multi,(b) protected,5
2395,1,1,(c) no laundry,(c) cats,(c) multi,(b) protected,5
2295,1,1,(b) on-site,(d) no pets,(c) multi,(d) no parking,6
2700,1,1,(b) on-site,(c) cats,(c) multi,(b) protected,1
2800,1,1,(a) in-unit,(a) both,(c) multi,(b) protected,8
3950,1,1,(a) in-unit,(d) no pets,(c) multi,(a) valet,9
3300,1,1,(a) in-unit,(a) both,(c) multi,(a) valet,9
2950,1,1,(a) in-unit,(a) both,(c) multi,(d) no parking,6
2995,1,1,(b) on-site,(d) no pets,(c) multi,(b) protected,9
2550,1,1,(a) in-unit,(d) no pets,(c) multi,(b) protected,9
2404,1,1,(b) on-site,(a) both,(c) multi,(c) off-street,5
2660,1,1,(b) on-site,(a) both,(c) multi,(c) off-street,5
2570,1,1,(b) on-site,(a) both,(c) multi,(c) off-street,5
2349,1,1,(a) in-unit,(c) cats,(c) multi,(d) no parking,8
2815,1,1,(a) in-unit,(a) both,(c) multi,(b) protected,6
3135,1,1,(a) in-unit,(a) both,(c) multi,(d) no parking,6
2995,1,1,(b) on-site,(d) no pets,(c) multi,(b) protected,8
3495,1,1,(a) in-unit,(d) no pets,(c) multi,(b) protected,8
2700,1,1,(c) no laundry,(d) no pets,(c) multi,(b) protected,7
2326,1,1,(b) on-site,(a) both,(c) multi,(b) protected,7
2595,1,1,(a) in-unit,(c) cats,(c) multi,(d) no parking,6
2750,1,1,(a) in-unit,(c) cats,(c) multi,(d) no parking,9
2801,1,1,(a) in-unit,(a) both,(c) multi,(d) no parking,9
2200,1,1,(c) no laundry,(a) both,(c) multi,(d) no parking,5
3600,2,1,(a) in-unit,(d) no pets,(c) multi,(b) protected,9
3000,1,1,(a) in-unit,(d) no pets,(c) multi,(b) protected,9
2875,1,1,(b) on-site,(a) both,(c) multi,(b) protected,2
2990,1,1,(a) in-unit,(a) both,(c) multi,(b) protected,9
2956,1,1,(a) in-unit,(a) both,(c) multi,(b) protected,2
2511,1,1,(a) in-unit,(a) both,(c) multi,(a) valet,9
3000,1,1,(b) on-site,(a) both,(c) multi,(d) no parking,7
3000,1,1,(b) on-site,(a) both,(c) multi,(b) protected,7
3200,1,1,(a) in-unit,(c) cats,(c) multi,(b) protected,9
3100,1,1,(b) on-site,(a) both,(c) multi,(b) protected,7
3250,1,1,(a) in-unit,(a) both,(c) multi,(d) no parking,8
2600,1,1,(c) no laundry,(a) both,(c) multi,(d) no parking,9
2700,1,1,(a) in-unit,(d) no pets,(c) multi,(b) protected,9
2450,1,1,(b) on-site,(c) cats,(c) multi,(b) protected,6
2595,1,1,(b) on-site,(c) cats,(c) multi,(b) protected,1
2995,1,1,(b) on-site,(d) no pets,(c) multi,(b) protected,7
2395,1,1,(b) on-site,(c) cats,(c) multi,(d) no parking,6
1900,1,1,(b) on-site,(d) no pets,(c) multi,(d) no parking,1
2500,1,1,(b) on-site,(d) no pets,(c) multi,(b) protected,5
2650,1,1,(c) no laundry,(c) cats,(c) multi,(d) no parking,8
2900,1,1,(b) on-site,(a) both,(c) multi,(d) no parking,5
2617,1,1,(a) in-unit,(a) both,(c) multi,(d) no parking,9
2800,2,1,(c) no laundry,(d) no pets,(b) double,(d) no parking,1
2995,1,1,(b) on-site,(c) cats,(c) multi,(d) no parking,8
3200,1,1,(a) in-unit,(a) both,(c) multi,(d) no parking,6
3495,1,1,(b) on-site,(a) both,(c) multi,(b) protected,7
2500,1,1,(b) on-site,(d) no pets,(c) multi,(b) protected,1
2499,2,1,(b) on-site,(d) no pets,(b) double,(d) no parking,2
3100,1,1,(b) on-site,(d) no pets,(c) multi,(b) protected,8
3500,1,1,(b) on-site,(d) no pets,(c) multi,(b) protected,8
2795,2,1,(a) in-unit,(d) no pets,(c) multi,(d) no parking,8
3104,1,1,(b) on-site,(c) cats,(c) multi,(c) off-street,8
2795,1,1,(b) on-site,(d) no pets,(c) multi,(b) protected,7
3000,1,1,(b) on-site,(a) both,(c) multi,(d) no parking,5
2800,1,1,(a) in-unit,(d) no pets,(c) multi,(b) protected,9
3250,1,1,(a) in-unit,(a) both,(c) multi,(d) no parking,6
2800,1,1,(a) in-unit,(d) no pets,(c) multi,(d) no parking,9
1674,1,1,(b) on-site,(a) both,(c) multi,(d) no parking,9
2100,0,1,(b) on-site,(d) no pets,(c) multi,(d) no parking,9
2700,1,1,(a) in-unit,(d) no pets,(c) multi,(d) no parking,8
2550,1,1,(a) in-unit,(d) no pets,(c) multi,(d) no parking,8
2586,1,1,(a) in-unit,(a) both,(c) multi,(d) no parking,9
2795,1,1,(b) on-site,(c) cats,(c) multi,(d) no parking,5
2599,1,1,(a) in-unit,(d) no pets,(c) multi,(c) off-street,9
2400,1,1,(a) in-unit,(d) no pets,(c) multi,(d) no parking,9
3400,1,1,(a) in-unit,(a) both,(c) multi,(d) no parking,8
2995,1,1,(a) in-unit,(c) cats,(c) multi,(d) no parking,9
2595,1,1,(b) on-site,(d) no pets,(c) multi,(b) protected,9
2800,2,1,(c) no laundry,(d) no pets,(c) multi,(d) no parking,8
2700,2,1,(c) no laundry,(d) no pets,(c) multi,(d) no parking,8
3000,1,1,(b) on-site,(c) cats,(c) multi,(c) off-street,8
2075,1,1,(a) in-unit,(a) both,(c) multi,(b) protected,10
2499,1,1,(b) on-site,(a) both,(c) multi,(d) no parking,6
3400,1,1,(b) on-site,(a) both,(c) multi,(b) protected,6
3900,2,2,(a) in-unit,(d) no pets,(c) multi,(d) no parking,8
3815,1,1,(a) in-unit,(a) both,(c) multi,(b) protected,9
3395,1,1,(a) in-unit,(d) no pets,(c) multi,(b) protected,8
3107,1,1,(a) in-unit,(a) both,(c) multi,(b) protected,9
2595,1,1,(a) in-unit,(d) no pets,(c) multi,(b) protected,9
3500,1,1,(a) in-unit,(d) no pets,(c) multi,(b) protected,5
2850,1,1,(b) on-site,(c) cats,(c) multi,(d) no parking,5
2770,1,1,(a) in-unit,(a) both,(c) multi,(b) protected,9
2490,1,1,(c) no laundry,(c) cats,(a) single,(d) no parking,3
2610,1,1,(a) in-unit,(a) both,(c) multi,(b) protected,9
3572,1,1,(a) in-unit,(a) both,(c) multi,(b) protected,9
2500,1,1,(b) on-site,(a) both,(c) multi,(b) protected,2
2950,1,1,(b) on-site,(a) both,(c) multi,(b) protected,9
2300,2,1,(b) on-site,(d) no pets,(b) double,(d) no parking,2
2650,2,1,(b) on-site,(d) no pets,(c) multi,(d) no parking,8
2900,1,1,(b) on-site,(d) no pets,(c) multi,(d) no parking,7
2995,1,1,(b) on-site,(d) no pets,(c) multi,(b) protected,9
1950,0,1,(c) no laundry,(d) no pets,(c) multi,(d) no parking,8
2450,1,1,(b) on-site,(d) no pets,(c) multi,(d) no parking,7
3500,2,2,(b) on-site,(a) both,(c) multi,(d) no parking,9
2395,1,1,(c) no laundry,(d) no pets,(c) multi,(d) no parking,5
2800,2,1,(b) on-site,(d) no pets,(c) multi,(b) protected,6
2800,1,1,(a) in-unit,(c) cats,(c) multi,(d) no parking,8
2650,1,1,(b) on-site,(d) no pets,(c) multi,(d) no parking,4
2000,0,1,(b) on-site,(d) no pets,(c) multi,(b) protected,7
2050,1,1,(b) on-site,(d) no pets,(c) multi,(d) no parking,5
2600,1,1,(b) on-site,(d) no pets,(c) multi,(d) no parking,1
2700,1,1,(a) in-unit,(d) no pets,(c) multi,(b) protected,9
2395,1,1,(b) on-site,(d) no pets,(c) multi,(b) protected,5
2995,2,1,(b) on-site,(d) no pets,(c) multi,(b) protected,1
2675,1,1,(c) no laundry,(a) both,(c) multi,(d) no parking,9
2995,1,1,(b) on-site,(d) no pets,(c) multi,(b) protected,7
2750,1,1,(c) no laundry,(a) both,(c) multi,(c) off-street,5
3495,1,1,(a) in-unit,(a) both,(c) multi,(b) protected,7
2750,0,1,(b) on-site,(d) no pets,(c) multi,(b) protected,7
2335,1,1,(a) in-unit,(a) both,(c) multi,(b) protected,9
3020,1,1,(a) in-unit,(a) both,(c) multi,(b) protected,9
3184,1,1,(a) in-unit,(a) both,(c) multi,(b) protected,9
2700,1,1,(c) no laundry,(d) no pets,(c) multi,(d) no parking,1
2800,1,1,(c) no laundry,(d) no pets,(c) multi,(d) no parking,1
2700,1,1,(c) no laundry,(d) no pets,(c) multi,(d) no parking,1
2843,1,1,(a) in-unit,(a) both,(c) multi,(b) protected,9
3050,2,1,(a) in-unit,(c) cats,(a) single,(d) no parking,9
3636,1,1,(a) in-unit,(a) both,(c) multi,(b) protected,9
2917,1,1,(a) in-unit,(d) no pets,(c) multi,(b) protected,9
3300,1,1,(a) in-unit,(a) both,(c) multi,(b) protected,9
2900,1,1,(b) on-site,(a) both,(c) multi,(b) protected,6
2600,0,1,(b) on-site,(d) no pets,(c) multi,(d) no parking,6
3000,1,1.5,(b) on-site,(d) no pets,(c) multi,(b) protected,8
2695,1,1,(c) no laundry,(d) no pets,(c) multi,(d) no parking,7
2750,1,1,(b) on-site,(a) both,(c) multi,(d) no parking,9
3896,2,1,(c) no laundry,(d) no pets,(c) multi,(d) no parking,9
2420,1,1,(c) no laundry,(c) cats,(a) single,(d) no parking,3
2995,1,1,(a) in-unit,(d) no pets,(c) multi,(b) protected,9
2574,1,1,(a) in-unit,(a) both,(c) multi,(b) protected,9
3990,1,1,(a) in-unit,(a) both,(c) multi,(b) protected,9
3188,1,1,(a) in-unit,(d) no pets,(c) multi,(b) protected,9
2595,1,1,(b) on-site,(d) no pets,(c) multi,(d) no parking,8
2795,2,2,(a) in-unit,(a) both,(c) multi,(d) no parking,8
3000,1,1,(b) on-site,(a) both,(c) multi,(b) protected,4
5295,2,2,(a) in-unit,(d) no pets,(c) multi,(d) no parking,9
2906,1,1,(a) in-unit,(a) both,(c) multi,(d) no parking,9
2906,1,1,(a) in-unit,(a) both,(c) multi,(d) no parking,9
3100,1,1,(a) in-unit,(d) no pets,(c) multi,(b) protected,8
2795,1,1,(b) on-site,(a) both,(c) multi,(b) protected,9
3000,1,1,(b) on-site,(d) no pets,(c) multi,(d) no parking,5
2600,1,1,(b) on-site,(d) no pets,(c) multi,(d) no parking,9
3400,2,1,(b) on-site,(d) no pets,(c) multi,(d) no parking,6
3100,2,1,(b) on-site,(c) cats,(c) multi,(b) protected,4
3195,1,1,(a) in-unit,(d) no pets,(c) multi,(b) protected,9
3650,3,2,(b) on-site,(d) no pets,(c) multi,(d) no parking,1
2850,2,1,(b) on-site,(d) no pets,(c) multi,(d) no parking,8
2195,1,1,(c) no laundry,(d) no pets,(c) multi,(d) no parking,1
2975,2,1,(b) on-site,(d) no pets,(c) multi,(b) protected,7
2880,2,1,(a) in-unit,(b) dogs,(c) multi,(d) no parking,1
2550,1,1,(c) no laundry,(d) no pets,(c) multi,(c) off-street,1
3095,1,1,(b) on-site,(d) no pets,(c) multi,(b) protected,9
3650,3,2,(b) on-site,(d) no pets,(c) multi,(d) no parking,1
3475,1,1,(c) no laundry,(a) both,(c) multi,(d) no parking,9
2199,1,1,(a) in-unit,(d) no pets,(c) multi,(b) protected,8
2999,2,1,(b) on-site,(d) no pets,(c) multi,(d) no parking,2
1929,1,1,(b) on-site,(d) no pets,(c) multi,(b) protected,8
2300,2,2,(a) in-unit,(d) no pets,(c) multi,(d) no parking,10
3195,1,1,(b) on-site,(d) no pets,(c) multi,(d) no parking,9
2095,0,1,(a) in-unit,(d) no pets,(c) multi,(d) no parking,9
2550,1,1,(b) on-site,(d) no pets,(c) multi,(b) protected,7
3490,2,1,(a) in-unit,(a) both,(c) multi,(b) protected,8
3044,1,1,(a) in-unit,(a) both,(c) multi,(d) no parking,9
3300,1,1,(a) in-unit,(d) no pets,(c) multi,(b) protected,9
2950,1,1,(a) in-unit,(a) both,(c) multi,(a) valet,8
2850,1,1,(a) in-unit,(a) both,(c) multi,(a) valet,9
3951,2,1,(a) in-unit,(a) both,(c) multi,(b) protected,9
2733,1,1,(a) in-unit,(a) both,(c) multi,(b) protected,9
2995,1,1,(c) no laundry,(c) cats,(c) multi,(b) protected,5
3000,1,1,(c) no laundry,(d) no pets,(c) multi,(d) no parking,6
3500,1,1,(a) in-unit,(b) dogs,(c) multi,(b) protected,9
4066,1,1,(a) in-unit,(a) both,(c) multi,(b) protected,9
2643,1,1,(a) in-unit,(a) both,(c) multi,(b) protected,8
4250,1,1,(a) in-unit,(a) both,(c) multi,(b) protected,8
3100,1,1,(a) in-unit,(d) no pets,(c) multi,(d) no parking,9
3200,1,1,(a) in-unit,(d) no pets,(c) multi,(b) protected,8
2999,2,1,(b) on-site,(d) no pets,(c) multi,(b) protected,1
4000,3,1,(b) on-site,(d) no pets,(a) single,(d) no parking,10
2800,1,1,(b) on-site,(d) no pets,(c) multi,(d) no parking,7
2695,1,1,(b) on-site,(c) cats,(c) multi,(d) no parking,1
2800,1,1,(b) on-site,(d) no pets,(c) multi,(b) protected,5
3500,1,1,(a) in-unit,(a) both,(c) multi,(b) protected,9
3500,1,1,(a) in-unit,(d) no pets,(c) multi,(b) protected,8
3625,1,1,(b) on-site,(b) dogs,(c) multi,(b) protected,8
4995,2,2,(a) in-unit,(d) no pets,(c) multi,(d) no parking,9
2995,1,1,(a) in-unit,(d) no pets,(c) multi,(b) protected,9
2669,1,1,(a) in-unit,(a) both,(c) multi,(b) protected,8
2800,1,1,(b) on-site,(d) no pets,(c) multi,(d) no parking,5
3549,1,1,(a) in-unit,(a) both,(c) multi,(d) no parking,9
3549,1,1,(a) in-unit,(a) both,(c) multi,(d) no parking,9
2882,1,1,(a) in-unit,(a) both,(c) multi,(b) protected,8
3840,2,2,(b) on-site,(a) both,(c) multi,(b) protected,5
3800,2,1,(b) on-site,(c) cats,(c) multi,(b) protected,9
3700,1,1,(b) on-site,(a) both,(c) multi,(b) protected,7
2600,1,1,(a) in-unit,(a) both,(c) multi,(b) protected,9
3200,2,1,(a) in-unit,(c) cats,(c) multi,(d) no parking,9
3200,2,1,(b) on-site,(d) no pets,(c) multi,(d) no parking,8
3000,2,1,(b) on-site,(d) no pets,(c) multi,(d) no parking,8
3600,2,2,(b) on-site,(a) both,(c) multi,(d) no parking,5
3300,3,3,(c) no laundry,(d) no pets,(c) multi,(d) no parking,2
3200,3,2,(a) in-unit,(d) no pets,(c) multi,(d) no parking,8
2500,1,1.5,(a) in-unit,(d) no pets,(c) multi,(d) no parking,9
2337,1,1,(b) on-site,(c) cats,(c) multi,(b) protected,9
2800,1,1,(b) on-site,(c) cats,(c) multi,(d) no parking,7
2966,2,1,(a) in-unit,(d) no pets,(c) multi,(d) no parking,9
3495,2,1,(b) on-site,(a) both,(c) multi,(b) protected,9
3980,1,1,(b) on-site,(d) no pets,(c) multi,(c) off-street,5
3150,2,1,(b) on-site,(d) no pets,(a) single,(d) no parking,9
3295,1,1,(b) on-site,(d) no pets,(c) multi,(b) protected,7
2850,2,1,(c) no laundry,(d) no pets,(c) multi,(b) protected,2
3000,1,1,(c) no laundry,(c) cats,(c) multi,(c) off-street,1
2850,1,1,(b) on-site,(d) no pets,(c) multi,(d) no parking,7
3150,1,1,(b) on-site,(d) no pets,(c) multi,(b) protected,9
3250,2,1,(c) no laundry,(d) no pets,(c) multi,(d) no parking,9
2600,1,1,(a) in-unit,(c) cats,(c) multi,(d) no parking,8
3395,1,1,(b) on-site,(d) no pets,(c) multi,(d) no parking,7
2895,1,1,(b) on-site,(a) both,(c) multi,(d) no parking,1
3995,1,1,(b) on-site,(a) both,(c) multi,(b) protected,7
3500,1,1,(b) on-site,(d) no pets,(c) multi,(c) off-street,7
2800,1,1,(a) in-unit,(d) no pets,(c) multi,(b) protected,8
2095,1,1,(c) no laundry,(a) both,(c) multi,(d) no parking,9
2390,1,1,(c) no laundry,(d) no pets,(c) multi,(d) no parking,1
3370,1,1,(b) on-site,(d) no pets,(c) multi,(b) protected,8
2850,1,1,(a) in-unit,(c) cats,(b) double,(d) no parking,4
2698,1,1,(b) on-site,(d) no pets,(c) multi,(b) protected,1
2695,1,1,(b) on-site,(d) no pets,(c) multi,(c) off-street,9
2895,1,1,(c) no laundry,(c) cats,(c) multi,(d) no parking,7
2950,2,2,(c) no laundry,(c) cats,(c) multi,(b) protected,9
3525,1,1,(a) in-unit,(a) both,(c) multi,(b) protected,6
2995,2,1,(b) on-site,(c) cats,(c) multi,(d) no parking,5
3000,1,1,(a) in-unit,(a) both,(c) multi,(b) protected,7
3500,1,1,(a) in-unit,(d) no pets,(c) multi,(b) protected,9
2650,2,1,(b) on-site,(d) no pets,(c) multi,(d) no parking,1
4050,1,1,(a) in-unit,(d) no pets,(c) multi,(a) valet,9
4295,1,1,(a) in-unit,(d) no pets,(c) multi,(d) no parking,9
3595,2,1,(b) on-site,(d) no pets,(c) multi,(b) protected,8
3000,4,1,(a) in-unit,(a) both,(c) multi,(d) no parking,8
3295,2,1,(b) on-site,(a) both,(c) multi,(b) protected,8
3250,2,1,(a) in-unit,(a) both,(c) multi,(b) protected,9
2992,1,1,(a) in-unit,(a) both,(c) multi,(b) protected,9
3500,1,1,(a) in-unit,(d) no pets,(c) multi,(a) valet,9
3650,1,1.5,(a) in-unit,(d) no pets,(c) multi,(b) protected,9
3190,2,1,(b) on-site,(c) cats,(c) multi,(d) no parking,8
2040,2,1.5,(a) in-unit,(a) both,(c) multi,(d) no parking,5
3000,1,1,(b) on-site,(d) no pets,(c) multi,(d) no parking,7
2040,2,1.5,(a) in-unit,(a) both,(c) multi,(d) no parking,5
4150,2,2,(a) in-unit,(d) no pets,(c) multi,(b) protected,9
3990,1,1,(a) in-unit,(a) both,(c) multi,(b) protected,9
3000,1,1,(b) on-site,(d) no pets,(c) multi,(b) protected,6
2700,2,1,(c) no laundry,(d) no pets,(c) multi,(b) protected,2
3395,2,1,(b) on-site,(d) no pets,(c) multi,(d) no parking,5
3500,2,1,(a) in-unit,(d) no pets,(c) multi,(d) no parking,8
3995,1,1,(b) on-site,(d) no pets,(c) multi,(d) no parking,7
3295,1,1,(b) on-site,(c) cats,(c) multi,(b) protected,7
2594,1,1,(b) on-site,(c) cats,(c) multi,(b) protected,7
3995,1,1,(a) in-unit,(d) no pets,(c) multi,(d) no parking,5
3895,3,1,(a) in-unit,(a) both,(c) multi,(d) no parking,5
2600,1,1,(a) in-unit,(d) no pets,(c) multi,(d) no parking,5
2900,2,1,(c) no laundry,(d) no pets,(c) multi,(b) protected,6
2950,2,1,(b) on-site,(a) both,(c) multi,(b) protected,9
4202,2,2,(a) in-unit,(a) both,(c) multi,(b) protected,9
2600,1,1,(c) no laundry,(d) no pets,(c) multi,(d) no parking,7
2950,1,2,(a) in-unit,(d) no pets,(c) multi,(b) protected,9
3588,1,1,(a) in-unit,(d) no pets,(c) multi,(a) valet,9
3404,1,1,(a) in-unit,(a) both,(c) multi,(b) protected,9
3725,1,1,(c) no laundry,(d) no pets,(c) multi,(d) no parking,9
3000,2,1,(c) no laundry,(d) no pets,(c) multi,(d) no parking,2
3995,2,1,(a) in-unit,(a) both,(c) multi,(d) no parking,9
3271,1,2,(a) in-unit,(a) both,(c) multi,(a) valet,9
2600,2,1,(b) on-site,(b) dogs,(c) multi,(c) off-street,5
3799,1,1,(a) in-unit,(a) both,(c) multi,(b) protected,9
3595,1,1,(a) in-unit,(a) both,(c) multi,(a) valet,9
3800,1,1,(a) in-unit,(b) dogs,(c) multi,(a) valet,9
2800,2,1,(b) on-site,(d) no pets,(c) multi,(b) protected,9
3099,2,2,(b) on-site,(d) no pets,(c) multi,(b) protected,6
2549,1,1,(a) in-unit,(a) both,(c) multi,(d) no parking,8
2975,2,1,(c) no laundry,(a) both,(c) multi,(d) no parking,8
3459,1,1,(a) in-unit,(d) no pets,(c) multi,(b) protected,9
3590,2,2,(b) on-site,(d) no pets,(c) multi,(b) protected,7
3416,2,2,(a) in-unit,(a) both,(c) multi,(b) protected,9
2996,2,2,(b) on-site,(a) both,(c) multi,(b) protected,8
3195,1,1,(b) on-site,(c) cats,(c) multi,(b) protected,5
3300,1,1,(b) on-site,(d) no pets,(c) multi,(d) no parking,5
3000,1,1,(b) on-site,(c) cats,(c) multi,(d) no parking,8
3700,2,1,(a) in-unit,(d) no pets,(a) single,(b) protected,2
3250,2,1,(c) no laundry,(d) no pets,(c) multi,(b) protected,5
2500,2,1,(b) on-site,(d) no pets,(b) double,(d) no parking,10
2850,2,1,(c) no laundry,(d) no pets,(c) multi,(d) no parking,8
3150,2,1,(b) on-site,(a) both,(c) multi,(d) no parking,9
3698,3,1,(b) on-site,(a) both,(c) multi,(d) no parking,9
2700,3,1,(c) no laundry,(c) cats,(c) multi,(d) no parking,9
2495,1,1,(b) on-site,(c) cats,(c) multi,(d) no parking,2
4000,2,1,(b) on-site,(a) both,(c) multi,(d) no parking,9
2695,1,1,(b) on-site,(d) no pets,(c) multi,(b) protected,1
3395,1,1,(a) in-unit,(b) dogs,(c) multi,(b) protected,8
4500,3,1,(a) in-unit,(d) no pets,(a) single,(c) off-street,7
4195,2,2,(c) no laundry,(d) no pets,(c) multi,(d) no parking,8
3450,1,1,(b) on-site,(a) both,(c) multi,(b) protected,1
3395,1,1,(a) in-unit,(d) no pets,(c) multi,(b) protected,7
3395,1,1,(a) in-unit,(d) no pets,(c) multi,(b) protected,8
3495,1,1,(b) on-site,(d) no pets,(c) multi,(c) off-street,7
3195,2,1,(b) on-site,(a) both,(c) multi,(d) no parking,2
3995,2,2,(a) in-unit,(a) both,(c) multi,(b) protected,7
4595,2,2,(b) on-site,(a) both,(c) multi,(b) protected,9
3250,1,1,(b) on-site,(d) no pets,(c) multi,(b) protected,7
3550,1,1,(a) in-unit,(a) both,(c) multi,(d) no parking,9
2595,2,1,(b) on-site,(d) no pets,(c) multi,(d) no parking,9
3250,1,2,(a) in-unit,(a) both,(c) multi,(b) protected,9
3750,2,2,(a) in-unit,(d) no pets,(c) multi,(b) protected,9
2765,2,1.5,(c) no laundry,(d) no pets,(c) multi,(d) no parking,10
2765,2,1.5,(c) no laundry,(d) no pets,(c) multi,(d) no parking,10
3995,2,1,(a) in-unit,(a) both,(c) multi,(b) protected,9
3500,1,1,(a) in-unit,(d) no pets,(c) multi,(d) no parking,9
3695,2,2,(a) in-unit,(a) both,(c) multi,(b) protected,8
4991,2,2,(c) no laundry,(d) no pets,(c) multi,(d) no parking,9
4536,2,1,(a) in-unit,(a) both,(c) multi,(b) protected,9
3200,1,1,(a) in-unit,(d) no pets,(c) multi,(b) protected,9
3200,1,1,(a) in-unit,(b) dogs,(c) multi,(b) protected,9
3412,2,2,(a) in-unit,(a) both,(c) multi,(d) no parking,8
3300,1,1,(a) in-unit,(d) no pets,(c) multi,(b) protected,9
4500,2,2,(a) in-unit,(d) no pets,(c) multi,(b) protected,7
3595,2,1,(c) no laundry,(c) cats,(c) multi,(d) no parking,5
3150,1,1,(b) on-site,(d) no pets,(c) multi,(b) protected,8
3378,1,1,(a) in-unit,(d) no pets,(c) multi,(a) valet,9
3550,2,2,(a) in-unit,(a) both,(c) multi,(b) protected,9
3200,1,1.5,(a) in-unit,(d) no pets,(c) multi,(b) protected,9
3099,2,2,(a) in-unit,(a) both,(c) multi,(b) protected,9
3581,2,2,(a) in-unit,(a) both,(c) multi,(b) protected,9
3312,2,2,(a) in-unit,(a) both,(c) multi,(b) protected,9
3475,1,1,(b) on-site,(a) both,(c) multi,(b) protected,9
3975,1,1,(a) in-unit,(b) dogs,(c) multi,(b) protected,8
3198,2,2,(b) on-site,(a) both,(c) multi,(b) protected,7
3700,2,2,(a) in-unit,(b) dogs,(c) multi,(b) protected,9
3295,2,1,(b) on-site,(a) both,(c) multi,(b) protected,8
3995,2,2,(a) in-unit,(a) both,(c) multi,(d) no parking,9
5650,4,2,(c) no laundry,(d) no pets,(c) multi,(d) no parking,6
2995,2,1,(b) on-site,(d) no pets,(c) multi,(d) no parking,9
4295,2,2,(a) in-unit,(a) both,(c) multi,(d) no parking,6
3884,2,2,(a) in-unit,(a) both,(c) multi,(d) no parking,9
3400,2,2,(b) on-site,(d) no pets,(c) multi,(b) protected,2
4350,2,1,(a) in-unit,(c) cats,(c) multi,(b) protected,8
3800,1,1,(a) in-unit,(d) no pets,(c) multi,(a) valet,9
3000,1,1,(b) on-site,(d) no pets,(c) multi,(b) protected,7
3900,2,2,(b) on-site,(a) both,(c) multi,(b) protected,9
3200,3,1.5,(a) in-unit,(d) no pets,(a) single,(d) no parking,10
2900,1,1,(b) on-site,(d) no pets,(c) multi,(d) no parking,1
2500,1,1,(a) in-unit,(d) no pets,(c) multi,(d) no parking,2
3300,3,1.5,(b) on-site,(d) no pets,(c) multi,(d) no parking,8
3000,1,1,(b) on-site,(d) no pets,(c) multi,(c) off-street,7
3450,2,2,(b) on-site,(d) no pets,(c) multi,(b) protected,8
2795,1,1,(b) on-site,(a) both,(c) multi,(d) no parking,8
2800,2,1,(b) on-site,(d) no pets,(c) multi,(d) no parking,7
3250,2,1,(c) no laundry,(d) no pets,(c) multi,(d) no parking,7
3450,2,2,(a) in-unit,(c) cats,(c) multi,(d) no parking,9
1700,1,1,(a) in-unit,(d) no pets,(c) multi,(d) no parking,10
2745,1,2,(a) in-unit,(a) both,(c) multi,(b) protected,9
3100,1,1,(b) on-site,(d) no pets,(c) multi,(d) no parking,7
3895,2,1,(b) on-site,(a) both,(c) multi,(d) no parking,1
3995,2,2,(b) on-site,(d) no pets,(c) multi,(b) protected,7
3995,2,1,(b) on-site,(d) no pets,(c) multi,(b) protected,7
4075,2,1,(a) in-unit,(d) no pets,(c) multi,(d) no parking,5
2800,1,1,(a) in-unit,(d) no pets,(c) multi,(b) protected,9
4350,2,1,(a) in-unit,(d) no pets,(c) multi,(b) protected,8
3300,1,1,(b) on-site,(a) both,(c) multi,(b) protected,6
4800,2,2,(a) in-unit,(d) no pets,(c) multi,(b) protected,7
3107,1,1,(a) in-unit,(a) both,(c) multi,(b) protected,9
3000,1,1.5,(a) in-unit,(d) no pets,(c) multi,(b) protected,9
3850,2,2,(a) in-unit,(d) no pets,(c) multi,(b) protected,9
4500,2,2,(a) in-unit,(d) no pets,(c) multi,(d) no parking,7
2685,2,2,(a) in-unit,(d) no pets,(c) multi,(b) protected,10
2800,1,1,(a) in-unit,(d) no pets,(c) multi,(b) protected,9
2750,2,1,(a) in-unit,(c) cats,(c) multi,(b) protected,10
3300,1,1,(a) in-unit,(d) no pets,(c) multi,(b) protected,9
3500,2,2,(b) on-site,(d) no pets,(c) multi,(b) protected,2
4500,2,2,(a) in-unit,(d) no pets,(c) multi,(b) protected,7
2945,1,1,(b) on-site,(d) no pets,(c) multi,(b) protected,7
4488,2,2,(a) in-unit,(a) both,(c) multi,(b) protected,8
4750,3,2,(a) in-unit,(a) both,(c) multi,(b) protected,9
2900,2,1,(c) no laundry,(a) both,(c) multi,(d) no parking,9
3000,2,1,(b) on-site,(a) both,(c) multi,(d) no parking,9
2950,2,2,(a) in-unit,(a) both,(c) multi,(d) no parking,3
4242,2,2,(a) in-unit,(a) both,(c) multi,(a) valet,9
2905,2,2,(a) in-unit,(a) both,(c) multi,(b) protected,10
3950,1,1,(a) in-unit,(d) no pets,(c) multi,(b) protected,8
4578,2,2,(a) in-unit,(a) both,(c) multi,(b) protected,9
3498,2,2,(b) on-site,(a) both,(c) multi,(c) off-street,5
3588,2,2,(a) in-unit,(a) both,(c) multi,(b) protected,9
4145,2,2,(a) in-unit,(a) both,(c) multi,(b) protected,8
4800,2,2,(a) in-unit,(a) both,(c) multi,(d) no parking,6
2195,1,1,(b) on-site,(d) no pets,(c) multi,(b) protected,8
3999,2,1,(a) in-unit,(d) no pets,(c) multi,(d) no parking,5
3895,2,1,(b) on-site,(d) no pets,(c) multi,(c) off-street,8
3100,2,1,(c) no laundry,(d) no pets,(c) multi,(b) protected,2
3300,2,1,(b) on-site,(d) no pets,(c) multi,(b) protected,7
3250,2,1,(b) on-site,(d) no pets,(c) multi,(d) no parking,2
4950,3,1.5,(c) no laundry,(d) no pets,(c) multi,(d) no parking,8
2900,3,1,(b) on-site,(d) no pets,(a) single,(d) no parking,3
3150,1,1,(c) no laundry,(c) cats,(c) multi,(d) no parking,8
3150,1,1,(c) no laundry,(c) cats,(c) multi,(d) no parking,8
3600,4,2,(b) on-site,(d) no pets,(c) multi,(d) no parking,5
3980,4,1.5,(a) in-unit,(a) both,(c) multi,(b) protected,9
5200,3,1,(a) in-unit,(d) no pets,(a) single,(c) off-street,7
2695,2,2,(c) no laundry,(d) no pets,(c) multi,(d) no parking,8
2695,2,2,(c) no laundry,(d) no pets,(c) multi,(d) no parking,5
2950,2,1,(b) on-site,(d) no pets,(c) multi,(d) no parking,6
3600,3,1.5,(b) on-site,(d) no pets,(c) multi,(d) no parking,1
3575,2,1,(b) on-site,(d) no pets,(c) multi,(d) no parking,8
3575,2,1,(b) on-site,(d) no pets,(c) multi,(d) no parking,8
4200,2,2,(a) in-unit,(d) no pets,(c) multi,(b) protected,2
4100,2,1,(a) in-unit,(a) both,(c) multi,(d) no parking,5
3775,1,1,(b) on-site,(d) no pets,(c) multi,(b) protected,7
2900,2,1,(b) on-site,(d) no pets,(c) multi,(d) no parking,7
3500,2,1,(b) on-site,(d) no pets,(c) multi,(d) no parking,8
3995,2,2,(a) in-unit,(c) cats,(c) multi,(b) protected,5
3595,2,1,(b) on-site,(d) no pets,(c) multi,(d) no parking,7
2950,2,1,(a) in-unit,(d) no pets,(c) multi,(d) no parking,5
4550,2,2,(b) on-site,(a) both,(c) multi,(d) no parking,7
2595,2,1,(c) no laundry,(d) no pets,(c) multi,(d) no parking,8
3200,1,1,(b) on-site,(d) no pets,(c) multi,(d) no parking,7
3775,1,1,(b) on-site,(d) no pets,(c) multi,(d) no parking,7
4500,1,1.5,(b) on-site,(b) dogs,(c) multi,(b) protected,7
3295,2,2,(b) on-site,(d) no pets,(c) multi,(d) no parking,7
2500,1,1,(b) on-site,(c) cats,(c) multi,(d) no parking,8
3655,2,2,(a) in-unit,(a) both,(c) multi,(b) protected,9
4300,3,1,(a) in-unit,(d) no pets,(c) multi,(d) no parking,8
3450,3,1,(b) on-site,(c) cats,(c) multi,(c) off-street,8
3700,2,1,(a) in-unit,(d) no pets,(c) multi,(d) no parking,7
4275,2,1,(a) in-unit,(a) both,(c) multi,(b) protected,5
4275,2,1,(a) in-unit,(a) both,(c) multi,(b) protected,5
3395,2,1,(a) in-unit,(d) no pets,(c) multi,(d) no parking,8
4000,2,1,(a) in-unit,(a) both,(c) multi,(d) no parking,5
3650,2,2,(b) on-site,(d) no pets,(c) multi,(b) protected,7
2799,2,2,(b) on-site,(d) no pets,(c) multi,(b) protected,8
2750,2,2,(a) in-unit,(b) dogs,(c) multi,(b) protected,9
3575,2,1,(b) on-site,(d) no pets,(c) multi,(d) no parking,8
2595,1,1,(c) no laundry,(d) no pets,(c) multi,(b) protected,2
3995,3,1,(c) no laundry,(a) both,(c) multi,(d) no parking,3
3250,2,1,(b) on-site,(d) no pets,(c) multi,(d) no parking,8
4495,2,1,(b) on-site,(a) both,(c) multi,(c) off-street,7
4075,2,2,(a) in-unit,(a) both,(c) multi,(d) no parking,5
3500,2,2,(a) in-unit,(a) both,(c) multi,(b) protected,9
3650,2,1,(a) in-unit,(c) cats,(c) multi,(d) no parking,9
3728,2,2,(a) in-unit,(a) both,(c) multi,(d) no parking,9
2750,1,1.5,(a) in-unit,(a) both,(c) multi,(b) protected,9
3700,2,2,(a) in-unit,(a) both,(c) multi,(b) protected,6
5566,2,2,(a) in-unit,(a) both,(c) multi,(d) no parking,5
4500,1,1,(a) in-unit,(a) both,(c) multi,(d) no parking,7
2404,1,1,(a) in-unit,(a) both,(c) multi,(b) protected,10
3625,2,2,(a) in-unit,(d) no pets,(c) multi,(b) protected,8
4395,2,2,(a) in-unit,(a) both,(c) multi,(d) no parking,6
3250,2,1,(b) on-site,(a) both,(c) multi,(d) no parking,8
4750,1,1,(a) in-unit,(c) cats,(c) multi,(d) no parking,7
3663,2,2,(a) in-unit,(a) both,(c) multi,(b) protected,9
4790,2,2,(a) in-unit,(a) both,(c) multi,(b) protected,9
3690,2,2,(a) in-unit,(a) both,(c) multi,(b) protected,9
3500,2,2,(a) in-unit,(a) both,(c) multi,(b) protected,6
3795,2,1,(b) on-site,(d) no pets,(c) multi,(b) protected,5
3850,2,1.5,(a) in-unit,(d) no pets,(c) multi,(b) protected,9
4800,3,3,(a) in-unit,(a) both,(c) multi,(d) no parking,9
4590,2,1,(a) in-unit,(a) both,(c) multi,(b) protected,8
3700,2,1,(b) on-site,(a) both,(c) multi,(b) protected,7
2650,1,1,(c) no laundry,(d) no pets,(c) multi,(d) no parking,9
2400,1,1,(a) in-unit,(d) no pets,(c) multi,(d) no parking,5
4100,2,1,(b) on-site,(a) both,(c) multi,(b) protected,5
4750,3,2,(a) in-unit,(a) both,(c) multi,(b) protected,6
4000,2,2,(a) in-unit,(d) no pets,(c) multi,(d) no parking,9
3734,2,2,(a) in-unit,(a) both,(c) multi,(b) protected,9
4390,2,2,(a) in-unit,(d) no pets,(c) multi,(b) protected,9
4390,2,2,(a) in-unit,(d) no pets,(c) multi,(b) protected,9
3995,2,2,(b) on-site,(d) no pets,(c) multi,(b) protected,8
3100,2,2,(a) in-unit,(d) no pets,(c) multi,(b) protected,9
3595,2,1,(b) on-site,(c) cats,(c) multi,(d) no parking,5
3995,2,2,(a) in-unit,(d) no pets,(c) multi,(b) protected,9
3363,2,2,(a) in-unit,(a) both,(c) multi,(d) no parking,9
2860,2,2,(c) no laundry,(a) both,(c) multi,(d) no parking,3
4125,2,2,(a) in-unit,(d) no pets,(c) multi,(b) protected,9
3898,1,1,(b) on-site,(d) no pets,(c) multi,(b) protected,7
4150,1,1.5,(a) in-unit,(a) both,(c) multi,(b) protected,9
3600,2,1,(b) on-site,(a) both,(c) multi,(d) no parking,6
3400,2,1,(b) on-site,(d) no pets,(c) multi,(b) protected,9
3699,3,1,(c) no laundry,(a) both,(c) multi,(d) no parking,8
3595,3,1,(b) on-site,(d) no pets,(c) multi,(d) no parking,8
4595,3,1,(b) on-site,(d) no pets,(c) multi,(d) no parking,8
3395,2,2,(a) in-unit,(a) both,(c) multi,(b) protected,9
3700,2,1,(b) on-site,(c) cats,(c) multi,(d) no parking,8
4500,3,1.5,(a) in-unit,(d) no pets,(c) multi,(d) no parking,5
2595,2,1,(b) on-site,(d) no pets,(c) multi,(d) no parking,10
3975,2,2.5,(a) in-unit,(d) no pets,(c) multi,(d) no parking,9
4150,1,1.5,(c) no laundry,(a) both,(c) multi,(d) no parking,7
3450,2,1,(b) on-site,(d) no pets,(c) multi,(d) no parking,1
3700,2,1,(c) no laundry,(d) no pets,(a) single,(b) protected,2
3700,3,1,(c) no laundry,(d) no pets,(c) multi,(d) no parking,8
3995,1,1,(b) on-site,(a) both,(c) multi,(b) protected,8
3450,2,1,(b) on-site,(d) no pets,(c) multi,(d) no parking,7
2995,2,1,(c) no laundry,(d) no pets,(c) multi,(d) no parking,7
3600,3,1,(a) in-unit,(d) no pets,(c) multi,(d) no parking,8
2702,1,2,(b) on-site,(a) both,(c) multi,(d) no parking,9
3899,2,2,(a) in-unit,(a) both,(c) multi,(d) no parking,9
4800,2,2,(a) in-unit,(d) no pets,(c) multi,(b) protected,7
4500,2,2,(b) on-site,(d) no pets,(c) multi,(a) valet,9
4637,3,2,(c) no laundry,(a) both,(c) multi,(b) protected,6
4675,2,1,(a) in-unit,(d) no pets,(c) multi,(b) protected,7
4068,2,2,(a) in-unit,(a) both,(c) multi,(d) no parking,9
4195,2,2,(a) in-unit,(a) both,(c) multi,(b) protected,7
3400,1,1.5,(a) in-unit,(d) no pets,(c) multi,(b) protected,9
4500,2,1,(a) in-unit,(a) both,(a) single,(b) protected,5
2427,1,1,(a) in-unit,(a) both,(c) multi,(d) no parking,10
3895,3,2,(a) in-unit,(a) both,(c) multi,(b) protected,9
4500,2,2,(a) in-unit,(d) no pets,(c) multi,(b) protected,9
4500,4,2,(a) in-unit,(a) both,(c) multi,(d) no parking,7
5595,2,2,(a) in-unit,(d) no pets,(c) multi,(b) protected,9
4200,3,2,(b) on-site,(a) both,(c) multi,(d) no parking,5
3395,2,2,(a) in-unit,(a) both,(c) multi,(c) off-street,9
2950,1,2,(a) in-unit,(d) no pets,(c) multi,(b) protected,9
3900,2,2,(a) in-unit,(a) both,(c) multi,(b) protected,9
4250,2,2,(a) in-unit,(d) no pets,(c) multi,(b) protected,9
4400,2,1,(c) no laundry,(d) no pets,(c) multi,(d) no parking,9
5500,2,2,(a) in-unit,(d) no pets,(c) multi,(a) valet,9
5000,2,2,(a) in-unit,(a) both,(c) multi,(a) valet,9
4595,2,2,(a) in-unit,(a) both,(c) multi,(b) protected,9
3799,2,2,(a) in-unit,(a) both,(c) multi,(d) no parking,8
3995,2,2,(a) in-unit,(d) no pets,(c) multi,(b) protected,9
5200,2,2,(a) in-unit,(d) no pets,(c) multi,(a) valet,9
4499,2,2,(a) in-unit,(d) no pets,(a) single,(b) protected,2
4500,2,2,(a) in-unit,(d) no pets,(c) multi,(b) protected,9
3795,2,2,(a) in-unit,(a) both,(c) multi,(d) no parking,9
3800,2,1,(b) on-site,(d) no pets,(c) multi,(b) protected,8
3900,3,1,(b) on-site,(d) no pets,(c) multi,(d) no parking,8
4149,3,1.5,(b) on-site,(d) no pets,(c) multi,(b) protected,2
4595,3,1,(b) on-site,(d) no pets,(c) multi,(d) no parking,8
4050,3,1.5,(a) in-unit,(c) cats,(c) multi,(d) no parking,9
4400,3,1,(b) on-site,(c) cats,(c) multi,(d) no parking,8
3550,3,1.5,(a) in-unit,(d) no pets,(c) multi,(d) no parking,8
3200,2,2,(a) in-unit,(a) both,(c) multi,(b) protected,9
4195,2,1.5,(a) in-unit,(a) both,(c) multi,(d) no parking,5
3900,3,2,(b) on-site,(d) no pets,(c) multi,(d) no parking,6
5500,1,2,(a) in-unit,(a) both,(c) multi,(b) protected,9
2995,2,1,(c) no laundry,(d) no pets,(c) multi,(d) no parking,8
3875,3,1,(a) in-unit,(d) no pets,(c) multi,(d) no parking,9
3195,2,1,(c) no laundry,(d) no pets,(c) multi,(d) no parking,8
3900,3,1,(b) on-site,(d) no pets,(c) multi,(d) no parking,8
4200,1,1,(a) in-unit,(a) both,(c) multi,(b) protected,8
4495,2,2,(a) in-unit,(a) both,(c) multi,(d) no parking,1
3500,2,1,(b) on-site,(d) no pets,(c) multi,(b) protected,9
4495,2,2,(a) in-unit,(d) no pets,(c) multi,(b) protected,9
3200,2,1,(b) on-site,(d) no pets,(c) multi,(b) protected,1
3595,2,1,(b) on-site,(c) cats,(c) multi,(d) no parking,9
3700,2,2,(a) in-unit,(d) no pets,(c) multi,(b) protected,9
3595,3,2,(b) on-site,(d) no pets,(c) multi,(b) protected,1
3200,2,2,(c) no laundry,(a) both,(c) multi,(b) protected,9
2589,1,1,(a) in-unit,(a) both,(c) multi,(b) protected,10
4595,2,2,(a) in-unit,(d) no pets,(c) multi,(b) protected,9
3950,3,2,(c) no laundry,(d) no pets,(c) multi,(d) no parking,7
3395,2,2,(a) in-unit,(b) dogs,(c) multi,(b) protected,9
4750,2,2.5,(a) in-unit,(c) cats,(c) multi,(b) protected,6
4995,3,2,(a) in-unit,(b) dogs,(c) multi,(b) protected,6
5600,2,2,(a) in-unit,(d) no pets,(c) multi,(a) valet,9
5000,3,2,(b) on-site,(d) no pets,(c) multi,(b) protected,5
4100,2,1,(b) on-site,(d) no pets,(a) single,(c) off-street,9
5450,2,2,(a) in-unit,(d) no pets,(c) multi,(b) protected,9
4500,2,2,(a) in-unit,(d) no pets,(c) multi,(b) protected,6
3500,1,1,(a) in-unit,(a) both,(c) multi,(b) protected,8
5100,3,1,(c) no laundry,(d) no pets,(c) multi,(d) no parking,8
4500,2,2,(a) in-unit,(d) no pets,(c) multi,(b) protected,9
5400,3,1.5,(b) on-site,(c) cats,(c) multi,(d) no parking,5
5000,2,2,(a) in-unit,(a) both,(c) multi,(b) protected,6
5495,2,1,(b) on-site,(d) no pets,(c) multi,(c) off-street,7
4600,3,2,(a) in-unit,(a) both,(c) multi,(d) no parking,9
3900,2,1.5,(a) in-unit,(a) both,(c) multi,(b) protected,9
3600,1,1.5,(a) in-unit,(d) no pets,(c) multi,(b) protected,9
4000,2,2,(a) in-unit,(d) no pets,(c) multi,(a) valet,9
7200,2,2,(a) in-unit,(d) no pets,(c) multi,(b) protected,9
3600,3,2,(b) on-site,(d) no pets,(c) multi,(d) no parking,2
4876,2,2,(a) in-unit,(a) both,(c) multi,(b) protected,9
3869,2,2,(a) in-unit,(a) both,(c) multi,(d) no parking,9
5100,2,1,(a) in-unit,(a) both,(c) multi,(d) no parking,7
4950,3,1,(a) in-unit,(a) both,(c) multi,(d) no parking,6
3700,1,2,(a) in-unit,(d) no pets,(c) multi,(b) protected,9
4500,2,2,(b) on-site,(a) both,(c) multi,(b) protected,8
4495,2,2,(b) on-site,(c) cats,(c) multi,(b) protected,7
5000,2,2,(b) on-site,(a) both,(c) multi,(b) protected,7
4300,3,2,(a) in-unit,(a) both,(c) multi,(d) no parking,9
5850,1,1,(a) in-unit,(d) no pets,(c) multi,(b) protected,8
4099,3,1,(c) no laundry,(a) both,(c) multi,(d) no parking,5
4900,3,1,(a) in-unit,(a) both,(c) multi,(d) no parking,9
5600,2,2,(a) in-unit,(d) no pets,(c) multi,(b) protected,9
4350,2,1,(b) on-site,(d) no pets,(c) multi,(d) no parking,5
4648,2,2,(a) in-unit,(d) no pets,(c) multi,(b) protected,9
6500,2,2,(a) in-unit,(b) dogs,(c) multi,(b) protected,9
5500,3,2,(a) in-unit,(a) both,(c) multi,(b) protected,6
5000,2,2,(a) in-unit,(d) no pets,(c) multi,(b) protected,9
4399,1,1,(a) in-unit,(d) no pets,(c) multi,(d) no parking,9
3800,3,2,(b) on-site,(d) no pets,(c) multi,(d) no parking,2
6800,3,1,(b) on-site,(c) cats,(c) multi,(d) no parking,8
3750,2,1,(a) in-unit,(d) no pets,(a) single,(b) protected,9
5875,4,2,(b) on-site,(d) no pets,(c) multi,(b) protected,6
4500,2,2,(a) in-unit,(d) no pets,(c) multi,(b) protected,9
5100,2,2,(a) in-unit,(d) no pets,(c) multi,(a) valet,9
4305,3,2.5,(a) in-unit,(a) both,(c) multi,(d) no parking,8
4265,3,2.5,(a) in-unit,(a) both,(c) multi,(d) no parking,9
4210,2,2,(a) in-unit,(a) both,(c) multi,(b) protected,8
3750,2,2,(b) on-site,(d) no pets,(c) multi,(b) protected,9
3750,2,2,(b) on-site,(d) no pets,(c) multi,(b) protected,9
3500,2,2,(a) in-unit,(d) no pets,(a) single,(b) protected,2
5790,2,2,(a) in-unit,(a) both,(c) multi,(b) protected,9
3400,3,2.5,(a) in-unit,(d) no pets,(c) multi,(b) protected,10
4200,3,2,(a) in-unit,(a) both,(c) multi,(d) no parking,9
4500,3,1,(a) in-unit,(a) both,(c) multi,(d) no parking,9
4200,3,2,(a) in-unit,(a) both,(c) multi,(b) protected,9
5000,3,2,(a) in-unit,(a) both,(c) multi,(b) protected,9
5000,3,3.5,(a) in-unit,(a) both,(c) multi,(d) no parking,9
3800,2,2,(b) on-site,(b) dogs,(c) multi,(d) no parking,7
3349,3,1,(b) on-site,(d) no pets,(c) multi,(d) no parking,1
4400,4,2.5,(a) in-unit,(a) both,(c) multi,(c) off-street,7
4595,4,1.5,(a) in-unit,(d) no pets,(c) multi,(d) no parking,6
4800,3,2,(a) in-unit,(c) cats,(c) multi,(d) no parking,9
4999,3,2,(c) no laundry,(d) no pets,(c) multi,(d) no parking,6
4495,4,1,(a) in-unit,(a) both,(c) multi,(d) no parking,9
3995,3,1.5,(c) no laundry,(c) cats,(c) multi,(d) no parking,5
4200,3,1,(a) in-unit,(d) no pets,(c) multi,(d) no parking,7
7900,4,4,(a) in-unit,(d) no pets,(c) multi,(d) no parking,5
5995,2,2,(a) in-unit,(c) cats,(c) multi,(b) protected,5
3260,2,1.5,(a) in-unit,(d) no pets,(c) multi,(b) protected,9
3500,3,2,(a) in-unit,(c) cats,(c) multi,(b) protected,3
4495,3,2,(b) on-site,(a) both,(c) multi,(c) off-street,2
5500,2,2,(a) in-unit,(d) no pets,(c) multi,(a) valet,9
3480,2,2,(a) in-unit,(d) no pets,(c) multi,(b) protected,9
4750,3,2,(b) on-site,(d) no pets,(c) multi,(b) protected,9
5200,2,1.5,(a) in-unit,(a) both,(c) multi,(b) protected,6
5290,3,2,(a) in-unit,(a) both,(c) multi,(b) protected,9
4750,3,1.5,(c) no laundry,(a) both,(c) multi,(d) no parking,5
5695,3,1.5,(a) in-unit,(a) both,(c) multi,(b) protected,5
3950,3,1,(c) no laundry,(a) both,(c) multi,(d) no parking,9
5200,3,2,(c) no laundry,(d) no pets,(c) multi,(b) protected,8
5290,2,2,(a) in-unit,(a) both,(c) multi,(b) protected,9
4500,3,2,(a) in-unit,(d) no pets,(c) multi,(d) no parking,7
3950,3,1,(a) in-unit,(a) both,(c) multi,(d) no parking,9
4500,2,2,(a) in-unit,(a) both,(c) multi,(b) protected,8
4500,2,2,(b) on-site,(a) both,(c) multi,(b) protected,8
4500,2,2,(b) on-site,(a) both,(c) multi,(b) protected,8
4800,2,2,(a) in-unit,(a) both,(c) multi,(b) protected,8
4400,3,2,(a) in-unit,(d) no pets,(c) multi,(d) no parking,5
5200,3,2,(b) on-site,(a) both,(c) multi,(b) protected,5
6500,4,2,(b) on-site,(d) no pets,(c) multi,(b) protected,7
5900,3,2,(a) in-unit,(d) no pets,(c) multi,(c) off-street,5
3943,3,2.5,(c) no laundry,(d) no pets,(c) multi,(d) no parking,10
6995,2,2.5,(a) in-unit,(d) no pets,(c) multi,(d) no parking,8
4375,2,2,(a) in-unit,(d) no pets,(c) multi,(b) protected,9
4495,2,2.5,(a) in-unit,(a) both,(c) multi,(b) protected,9
4200,3,2,(a) in-unit,(a) both,(c) multi,(d) no parking,9
5050,2,2,(a) in-unit,(c) cats,(c) multi,(b) protected,7
3999,2,2,(a) in-unit,(d) no pets,(c) multi,(b) protected,9
3800,3,2,(b) on-site,(d) no pets,(c) multi,(d) no parking,7
5100,3,2.5,(a) in-unit,(d) no pets,(a) single,(b) protected,4
4995,3,2,(a) in-unit,(a) both,(c) multi,(c) off-street,5
4000,3,2,(a) in-unit,(c) cats,(c) multi,(d) no parking,5
4800,3,2.5,(b) on-site,(d) no pets,(c) multi,(d) no parking,7
6000,4,2,(b) on-site,(d) no pets,(c) multi,(d) no parking,7
4595,3,1,(a) in-unit,(d) no pets,(c) multi,(b) protected,5
5500,3,2,(a) in-unit,(d) no pets,(c) multi,(b) protected,7
5500,2,2,(a) in-unit,(d) no pets,(c) multi,(b) protected,7
4750,3,2,(b) on-site,(a) both,(c) multi,(b) protected,1
4495,3,2,(b) on-site,(a) both,(c) multi,(b) protected,5
4995,4,2,(b) on-site,(d) no pets,(c) multi,(d) no parking,8
4500,3,2,(a) in-unit,(a) both,(c) multi,(b) protected,9
4500,4,2,(b) on-site,(a) both,(c) multi,(d) no parking,9
7900,2,2,(a) in-unit,(d) no pets,(c) multi,(b) protected,8
3750,3,2,(a) in-unit,(d) no pets,(c) multi,(d) no parking,1
5700,3,2,(a) in-unit,(a) both,(c) multi,(b) protected,9
4500,2,1,(a) in-unit,(a) both,(a) single,(c) off-street,9
4500,2,1,(b) on-site,(a) both,(c) multi,(b) protected,6
3850,3,1.5,(a) in-unit,(a) both,(c) multi,(d) no parking,9
5150,2,2,(b) on-site,(d) no pets,(c) multi,(a) valet,8
4275,2,2,(a) in-unit,(a) both,(c) multi,(a) valet,9
3300,2,1,(b) on-site,(d) no pets,(a) single,(d) no parking,2
7654,3,2.5,(a) in-unit,(b) dogs,(c) multi,(b) protected,8
6895,2,2,(a) in-unit,(b) dogs,(c) multi,(b) protected,7
3900,2,2,(a) in-unit,(d) no pets,(c) multi,(b) protected,8
4500,3,2,(c) no laundry,(a) both,(a) single,(b) protected,3
5555,5,1.5,(c) no laundry,(a) both,(c) multi,(d) no parking,5
4750,3,1,(a) in-unit,(d) no pets,(c) multi,(b) protected,6
7800,2,2,(a) in-unit,(d) no pets,(c) multi,(a) valet,9
6500,3,2.5,(a) in-unit,(a) both,(c) multi,(a) valet,8
5995,4,2,(b) on-site,(a) both,(c) multi,(d) no parking,9
3807,2,2,(a) in-unit,(a) both,(c) multi,(d) no parking,10
4999,2,1,(b) on-site,(d) no pets,(c) multi,(b) protected,7
6800,2,2,(a) in-unit,(d) no pets,(c) multi,(b) protected,7
4900,3,2.5,(a) in-unit,(a) both,(c) multi,(b) protected,9
3700,3,2,(b) on-site,(d) no pets,(c) multi,(d) no parking,6
4900,2,2,(a) in-unit,(a) both,(c) multi,(b) protected,9
5300,4,2,(b) on-site,(d) no pets,(a) single,(d) no parking,2
5400,3,2,(a) in-unit,(d) no pets,(c) multi,(d) no parking,7
4495,3,2,(a) in-unit,(d) no pets,(c) multi,(b) protected,1
5000,3,2,(a) in-unit,(d) no pets,(c) multi,(d) no parking,5
4300,3,2,(b) on-site,(a) both,(c) multi,(b) protected,10
3950,3,1.5,(b) on-site,(d) no pets,(a) single,(b) protected,10
5250,3,2,(a) in-unit,(d) no pets,(c) multi,(b) protected,8
4500,2,2,(a) in-unit,(a) both,(c) multi,(b) protected,9
4250,3,1,(a) in-unit,(d) no pets,(a) single,(b) protected,2
5795,4,3,(a) in-unit,(a) both,(c) multi,(b) protected,9
5195,4,1.5,(a) in-unit,(a) both,(c) multi,(d) no parking,5
6495,3,2.5,(a) in-unit,(a) both,(c) multi,(d) no parking,7
4695,3,3,(b) on-site,(d) no pets,(c) multi,(b) protected,1
3995,3,2,(b) on-site,(a) both,(c) multi,(b) protected,3
7195,3,2,(a) in-unit,(a) both,(c) multi,(b) protected,5
4990,3,2,(a) in-unit,(d) no pets,(a) single,(b) protected,9
9800,2,2.5,(a) in-unit,(d) no pets,(c) multi,(a) valet,9
5200,4,2,(a) in-unit,(a) both,(c) multi,(b) protected,6
4800,4,2.5,(a) in-unit,(d) no pets,(c) multi,(b) protected,9
4500,2,2,(a) in-unit,(a) both,(c) multi,(d) no parking,7
4000,3,2,(a) in-unit,(d) no pets,(c) multi,(b) protected,9
3400,3,2,(b) on-site,(d) no pets,(c) multi,(b) protected,10
3495,3,1,(c) no laundry,(d) no pets,(c) multi,(d) no parking,9
6950,5,2,(a) in-unit,(d) no pets,(c) multi,(c) off-street,5
5595,3,2,(a) in-unit,(b) dogs,(c) multi,(b) protected,5
5995,3,2,(a) in-unit,(a) both,(c) multi,(d) no parking,1
6990,4,2,(a) in-unit,(d) no pets,(c) multi,(d) no parking,9
4900,5,2,(a) in-unit,(d) no pets,(c) multi,(d) no parking,7
4695,3,2,(a) in-unit,(d) no pets,(c) multi,(d) no parking,7
4875,2,3,(a) in-unit,(d) no pets,(c) multi,(d) no parking,9
4700,2,2,(a) in-unit,(d) no pets,(c) multi,(b) protected,9
4700,2,2,(a) in-unit,(d) no pets,(c) multi,(b) protected,9
4600,3,2.5,(c) no laundry,(d) no pets,(c) multi,(b) protected,6
4700,2,2,(a) in-unit,(d) no pets,(c) multi,(b) protected,9
4700,2,2,(a) in-unit,(d) no pets,(c) multi,(b) protected,9
5500,3,1,(a) in-unit,(a) both,(c) multi,(d) no parking,5
5000,2,2.5,(a) in-unit,(a) both,(c) multi,(b) protected,9
5915,3,3,(a) in-unit,(a) both,(c) multi,(d) no parking,8
5600,4,1,(a) in-unit,(d) no pets,(c) multi,(b) protected,5
5500,4,2,(a) in-unit,(d) no pets,(c) multi,(d) no parking,5
7950,5,2,(c) no laundry,(d) no pets,(c) multi,(d) no parking,6
5200,5,2,(a) in-unit,(d) no pets,(c) multi,(d) no parking,7
3995,4,2,(b) on-site,(a) both,(c) multi,(d) no parking,5
3995,4,2,(b) on-site,(a) both,(c) multi,(d) no parking,9
4000,2,2.5,(a) in-unit,(c) cats,(c) multi,(b) protected,9
5595,4,2,(b) on-site,(a) both,(c) multi,(d) no parking,5
5995,3,2,(a) in-unit,(a) both,(c) multi,(d) no parking,5
6500,5,1.5,(a) in-unit,(d) no pets,(c) multi,(d) no parking,5
5600,2,2,(a) in-unit,(c) cats,(c) multi,(b) protected,8
5250,4,1,(a) in-unit,(a) both,(c) multi,(d) no parking,6
6500,2,2.5,(a) in-unit,(a) both,(c) multi,(a) valet,8
6500,2,2.5,(a) in-unit,(a) both,(c) multi,(b) protected,8
4695,4,2.5,(a) in-unit,(d) no pets,(a) single,(b) protected,10
4700,4,2.5,(b) on-site,(d) no pets,(c) multi,(b) protected,1
4500,4,2.5,(b) on-site,(d) no pets,(c) multi,(b) protected,1
6250,3,2,(a) in-unit,(a) both,(c) multi,(b) protected,7
6300,5,2,(a) in-unit,(a) both,(c) multi,(d) no parking,6
3995,3,2,(a) in-unit,(a) both,(a) single,(d) no parking,8
4400,2,2,(a) in-unit,(d) no pets,(a) single,(b) protected,1
6999,5,2,(a) in-unit,(c) cats,(c) multi,(d) no parking,7
5750,4,2,(b) on-site,(d) no pets,(a) single,(b) protected,4
5695,4,2,(b) on-site,(c) cats,(c) multi,(d) no parking,9
2999,3,2,(b) on-site,(d) no pets,(a) single,(d) no parking,10
10000,6,2,(a) in-unit,(d) no pets,(a) single,(c) off-street,7
4950,4,2.5,(a) in-unit,(d) no pets,(c) multi,(b) protected,1
6100,3,2,(b) on-site,(d) no pets,(c) multi,(d) no parking,7
7000,3,2,(a) in-unit,(d) no pets,(a) single,(b) protected,5
5000,6,3,(c) no laundry,(d) no pets,(c) multi,(d) no parking,2
7200,1,2,(c) no laundry,(a) both,(c) multi,(d) no parking,9
5950,3,2,(a) in-unit,(d) no pets,(c) multi,(d) no parking,9
4800,3,2.5,(a) in-unit,(a) both,(c) multi,(b) protected,9
10500,3,3,(a) in-unit,(d) no pets,(c) multi,(b) protected,8
9300,4,2.5,(a) in-unit,(d) no pets,(c) multi,(b) protected,7
7400,5,2,(a) in-unit,(a) both,(c) multi,(d) no parking,7
6800,4,2,(a) in-unit,(a) both,(a) single,(b) protected,5
12500,2,2.5,(a) in-unit,(a) both,(c) multi,(a) valet,9
6000,3,2,(b) on-site,(d) no pets,(c) multi,(b) protected,7
6050,4,3,(a) in-unit,(a) both,(a) single,(b) protected,1
7200,5,2.5,(a) in-unit,(d) no pets,(c) multi,(d) no parking,7
19000,3,3.5,(a) in-unit,(d) no pets,(c) multi,(a) valet,9
7999,4,4,(a) in-unit,(a) both,(a) single,(b) protected,4
7746,4,3.5,(a) in-unit,(a) both,(c) multi,(b) protected,5
7746,4,3.5,(a) in-unit,(a) both,(c) multi,(b) protected,5
8750,2,3,(a) in-unit,(a) both,(c) multi,(a) valet,8
8750,2,3,(a) in-unit,(a) both,(c) multi,(a) valet,8
7500,6,2.5,(a) in-unit,(d) no pets,(c) multi,(d) no parking,9
6995,2,2,(a) in-unit,(d) no pets,(c) multi,(b) protected,5
9000,2,2.5,(a) in-unit,(d) no pets,(c) multi,(b) protected,8
5500,4,2,(c) no laundry,(c) cats,(a) single,(b) protected,2
7995,2,2,(b) on-site,(a) both,(c) multi,(d) no parking,7
7800,2,2,(a) in-unit,(a) both,(c) multi,(d) no parking,7
9100,5,3,(a) in-unit,(d) no pets,(a) single,(d) no parking,4
7995,4,3,(a) in-unit,(a) both,(a) single,(b) protected,4
12000,4,4,(a) in-unit,(a) both,(c) multi,(b) protected,9
9000,3,2.5,(a) in-unit,(d) no pets,(c) multi,(b) protected,7
15000,4,3.5,(a) in-unit,(d) no pets,(a) single,(b) protected,1